{
  "checkpoint": "results/token_level/full_run_span_fixed_max10/checkpoints/best_checkpoint.pt",
  "epoch": 3,
  "training_char_f1": 0.9378902215481386,
  "eval_max_length": 512,
  "eval_context_max_length": 400,
  "eval_context_stride": 128,
  "best_threshold": 0.37,
  "char_f1": 0.0,
  "char_f1_postproc": 0.7132230896907849,
  "char_prec": 0.0,
  "char_rec": 0.0,
  "token_f1": 0.7773555027711797,
  "token_prec": 0.7878350184561066,
  "token_rec": 0.7671511173620879,
  "token_auroc": 0.9638911636669396,
  "token_pr_auc": 0.8644528251540634,
  "gold_positive_rate": 0.16150933871781928,
  "predicted_positive_rate": 0.15726905603230693,
  "rescue_success": false,
  "criteria": {
    "char_f1 >= 0.55": false,
    "token_f1 >= 0.55": true,
    "auroc >= 0.70": true,
    "pred_rate >= 0.3 * gold_rate": 