{
  "threshold": 0.2,
  "merge_gap": 0,
  "min_span_chars": 1,
  "char_f1": 0.5685181240681109,
  "char_prec": 0.4651453643334563,
  "char_rec": 0.73096626606953,
  "token_f1": 0.38641996858090416,
  "token_prec": 0.2627655786350148,
  "token_rec": 0.7299043850972634,
  "token_auroc": 0.6994703827400888,
  "token_pr_auc": 0.2996233296882518,
  "ans_f1": 0.5425812115891132,
  "ans_prec": 0.40551181102362205,
  "ans_rec": 0.8196286472148541,
  "gold_rate": 0.1748993737529842,
  "pred_rate": 0.48583159375828944,
  "pred_ok": true,
  "score": 0.49575459190652815
}