{
  "name": "C_weight_2.0",
  "class_weight_pos": 2.0,
  "train_loss": 0.5761661658631289,
  "best_threshold": 0.15,
  "char_f1": 0.0,
  "char_prec": 0.0,
  "char_rec": 0.0,
  "token_f1": 0.3803812671425408,
  "token_prec": 0.2564432397666192,
  "token_rec": 0.7361688097593142,
  "token_auroc": 0.6871405684857841,
  "token_pr_auc": 0.2795440617295634,
  "gold_positive_rate": 0.1748993737529842,
  "predicted_positive_rate": 0.5020817235055993,
  "pred_rate_ok": true,
  "composite_score": 0.20574098289364812,
  "failure_reasons": [],
  "elapsed_seconds": 167.49374556541443
}