{
  "seed": 42,
  "primary_metric": "macro-F1 on binary_reliability",
  "best_configs": {
    "relevancy": {
      "variant": "question_answer",
      "target": "relevancy",
      "alpha": 1e-05,
      "class_weight": "balanced",
      "threshold": 0.72,
      "accuracy": 0.8482758620689655,
      "f1_macro": 0.6511373578302713,
      "precision_negative": 0.4,
      "recall_negative": 0.3783783783783784,
      "f1_negative": 0.3888888888888889,
      "precision_positive": 0.9098039215686274,
      "recall_positive": 0.9169960474308301,
      "f1_positive": 0.9133858267716536
    },
    "faithfulness": {
      "variant": "question_answer",
      "target": "faithfulness",
      "alpha": 0.0001,
      "class_weight": "balanced",
      "threshold": 0.54,
      "accuracy": 0.6862068965517242,
      "f1_macro": 0.6057604684862337,
      "precision_negative": 0.4146341463414634,
      "recall_negative": 0.44155844155844154,
      "f1_negative": 0.4276729559748428,
      "precision_positive": 0.7932692307692307,
      "recall_positive": 0.7746478873239436,
      "f1_positive": 0.7838479809976246
    },
    "reliability": {
      "variant": "question_answer",
      "target": "reliability",
      "alpha": 0.0003,
      "class_weight": "balanced",
      "threshold": 0.51,
      "accuracy": 0.6793103448275862,
      "f1_macro": 0.6002016039372063,
      "precision_negative": 0.425,
      "recall_negative": 0.41975308641975306,
      "f1_negative": 0.422360248447205,
      "precision_positive": 0.7761904761904762,
      "recall_positive": 0.7799043062200957,
      "f1_positive": 0.7780429594272077
    }
  },
  "test_reliability_results": [
    {
      "method": "tfidf_direct",
      "target": "reliability",
      "split": "test",
      "accuracy": 0.6827586206896552,
      "f1_macro": 0.6172166427546628,
      "precision_negative": 0.43820224719101125,
      "recall_negative": 0.48148148148148145,
      "f1_negative": 0.4588235294117647,
      "precision_positive": 0.7910447761194029,
      "recall_positive": 0.7607655502392344,
      "f1_positive": 0.775609756097561
    },
    {
      "method": "tfidf_decomposed",
      "target": "reliability",
      "split": "test",
      "accuracy": 0.6620689655172414,
      "f1_macro": 0.6076536528797836,
      "precision_negative": 0.4158415841584158,
      "recall_negative": 0.5185185185185185,
      "f1_negative": 0.46153846153846156,
      "precision_positive": 0.7936507936507936,
      "recall_positive": 0.7177033492822966,
      "f1_positive": 0.7537688442211056
    }
  ]
}