{
  "threshold": 0.38,
  "char_f1": 0.0,
  "token_f1": 0.824085936730068,
  "auroc": 0.9744968168260638,
  "pr_auc": 0.9110334733947636
}