{
  "threshold": 0.37,
  "char_f1": 0.0,
  "token_f1": 0.7773555027711797,
  "auroc": 0.9638911636669396,
  "pr_auc": 0.8644528251540634
}